Sample in Buffer,Sample in Window,TRIGGER,SystolicCore0/serial2mem_opA/uart_ready_rx_out,SystolicCore0/serial2mem_opA/nreset,SystolicCore0/serial2mem_opA/rw,SystolicCore0/serial2mem_opA/valid_i,SystolicCore0/serial2mem_opA/rready_i,SystolicCore0/serial2mem_opA/rvalid_o,SystolicCore0/serial2mem_opA/ready_o,SystolicCore0/serial2mem_opA/single_port_ram_en,SystolicCore0/serial2mem_opA/in_data[3:0],SystolicCore0/serial2mem_opA/out_data[63:0],SystolicCore0/serial2mem_opA/single_port_ram_di_reg[63:0]
Radix - UNSIGNED,UNSIGNED,UNSIGNED,HEX,HEX,HEX,HEX,HEX,HEX,HEX,HEX,HEX,HEX,HEX
0,0,0,0,1,0,1,0,0,0,0,2,0000000000000000,0000011144414430
1,1,0,0,1,0,1,0,0,0,0,2,0000000000000000,0000011144414430
2,2,0,0,1,0,1,0,0,0,0,2,0000000000000000,0000011144414430
3,3,0,0,1,0,1,0,0,0,0,2,0000000000000000,0000011144414430
4,4,0,0,1,0,1,0,0,0,0,2,0000000000000000,0000011144414430
5,5,0,0,1,0,1,0,0,0,0,2,0000000000000000,0000011144414430
6,6,0,0,1,0,1,0,0,0,0,2,0000000000000000,0000011144414430
7,7,0,0,1,0,1,0,0,0,0,2,0000000000000000,0000011144414430
8,8,0,0,1,0,1,0,0,0,0,2,0000000000000000,0000011144414430
9,9,0,0,1,0,1,0,0,0,0,2,0000000000000000,0000011144414430
10,10,0,0,1,0,1,0,0,0,0,2,0000000000000000,0000011144414430
11,11,0,0,1,0,1,0,0,0,0,2,0000000000000000,0000011144414430
12,12,0,0,1,0,1,0,0,0,0,2,0000000000000000,0000011144414430
13,13,0,0,1,0,1,0,0,0,0,2,0000000000000000,0000011144414430
14,14,0,0,1,0,1,0,0,0,0,2,0000000000000000,0000011144414430
15,15,0,0,1,0,1,0,0,0,0,2,0000000000000000,0000011144414430
16,16,0,0,1,0,1,0,0,0,0,2,0000000000000000,0000011144414430
17,17,0,0,1,0,1,0,0,0,0,2,0000000000000000,0000011144414430
18,18,0,0,1,0,1,0,0,0,0,2,0000000000000000,0000011144414430
19,19,0,0,1,0,1,0,0,0,0,2,0000000000000000,0000011144414430
20,20,0,0,1,0,1,0,0,0,0,2,0000000000000000,0000011144414430
21,21,0,0,1,0,1,0,0,0,0,2,0000000000000000,0000011144414430
22,22,0,0,1,0,1,0,0,0,0,2,0000000000000000,0000011144414430
23,23,0,0,1,0,1,0,0,0,0,2,0000000000000000,0000011144414430
24,24,0,0,1,0,1,0,0,0,0,2,0000000000000000,0000011144414430
25,25,0,0,1,0,1,0,0,0,0,2,0000000000000000,0000011144414430
26,26,0,0,1,0,1,0,0,0,0,2,0000000000000000,0000011144414430
27,27,0,0,1,0,1,0,0,0,0,2,0000000000000000,0000011144414430
28,28,0,0,1,0,1,0,0,0,0,2,0000000000000000,0000011144414430
29,29,0,0,1,0,1,0,0,0,0,2,0000000000000000,0000011144414430
30,30,0,0,1,0,1,0,0,0,0,2,0000000000000000,0000011144414430
31,31,0,0,1,0,1,0,0,0,0,2,0000000000000000,0000011144414430
32,32,0,0,1,0,1,0,0,0,0,2,0000000000000000,0000011144414430
33,33,0,0,1,0,1,0,0,0,0,2,0000000000000000,0000011144414430
34,34,0,0,1,0,1,0,0,0,0,2,0000000000000000,0000011144414430
35,35,0,0,1,0,1,0,0,0,0,2,0000000000000000,0000011144414430
36,36,0,0,1,0,1,0,0,0,0,2,0000000000000000,0000011144414430
37,37,0,0,1,0,1,0,0,0,0,2,0000000000000000,0000011144414430
38,38,0,0,1,0,1,0,0,0,0,2,0000000000000000,0000011144414430
39,39,0,0,1,0,1,0,0,0,0,2,0000000000000000,0000011144414430
40,40,0,0,1,0,1,0,0,0,0,2,0000000000000000,0000011144414430
41,41,0,0,1,0,1,0,0,0,0,2,0000000000000000,0000011144414430
42,42,0,0,1,0,1,0,0,0,0,2,0000000000000000,0000011144414430
43,43,0,0,1,0,1,0,0,0,0,2,0000000000000000,0000011144414430
44,44,0,0,1,0,1,0,0,0,0,2,0000000000000000,0000011144414430
45,45,0,0,1,0,1,0,0,0,0,2,0000000000000000,0000011144414430
46,46,0,0,1,0,1,0,0,0,0,2,0000000000000000,0000011144414430
47,47,0,0,1,0,1,0,0,0,0,2,0000000000000000,0000011144414430
48,48,0,0,1,0,1,0,0,0,0,2,0000000000000000,0000011144414430
49,49,0,0,1,0,1,0,0,0,0,2,0000000000000000,0000011144414430
50,50,0,0,1,0,1,0,0,0,0,2,0000000000000000,0000011144414430
51,51,0,0,1,0,1,0,0,0,0,2,0000000000000000,0000011144414430
52,52,0,0,1,0,1,0,0,0,0,2,0000000000000000,0000011144414430
53,53,0,0,1,0,1,0,0,0,0,2,0000000000000000,0000011144414430
54,54,0,0,1,0,1,0,0,0,0,2,0000000000000000,0000011144414430
55,55,0,0,1,0,1,0,0,0,0,2,0000000000000000,0000011144414430
56,56,0,0,1,0,1,0,0,0,0,2,0000000000000000,0000011144414430
57,57,0,0,1,0,1,0,0,0,0,2,0000000000000000,0000011144414430
58,58,0,0,1,0,1,0,0,0,0,2,0000000000000000,0000011144414430
59,59,0,0,1,0,1,0,0,0,0,2,0000000000000000,0000011144414430
60,60,0,0,1,0,1,0,0,0,0,2,0000000000000000,0000011144414430
61,61,0,0,1,0,1,0,0,0,0,2,0000000000000000,0000011144414430
62,62,0,0,1,0,1,0,0,0,0,2,0000000000000000,0000011144414430
63,63,0,0,1,0,1,0,0,0,0,2,0000000000000000,0000011144414430
64,64,0,0,1,0,1,0,0,0,0,2,0000000000000000,0000011144414430
65,65,0,0,1,0,1,0,0,0,0,2,0000000000000000,0000011144414430
66,66,0,0,1,0,1,0,0,0,0,2,0000000000000000,0000011144414430
67,67,0,0,1,0,1,0,0,0,0,2,0000000000000000,0000011144414430
68,68,0,0,1,0,1,0,0,0,0,2,0000000000000000,0000011144414430
69,69,0,0,1,0,1,0,0,0,0,2,0000000000000000,0000011144414430
70,70,0,0,1,0,1,0,0,0,0,2,0000000000000000,0000011144414430
71,71,0,0,1,0,1,0,0,0,0,2,0000000000000000,0000011144414430
72,72,0,0,1,0,1,0,0,0,0,2,0000000000000000,0000011144414430
73,73,0,0,1,0,1,0,0,0,0,2,0000000000000000,0000011144414430
74,74,0,0,1,0,1,0,0,0,0,2,0000000000000000,0000011144414430
75,75,0,0,1,0,1,0,0,0,0,2,0000000000000000,0000011144414430
76,76,0,0,1,0,1,0,0,0,0,2,0000000000000000,0000011144414430
77,77,0,0,1,0,1,0,0,0,0,2,0000000000000000,0000011144414430
78,78,0,0,1,0,1,0,0,0,0,2,0000000000000000,0000011144414430
79,79,0,0,1,0,1,0,0,0,0,2,0000000000000000,0000011144414430
80,80,0,0,1,0,1,0,0,0,0,2,0000000000000000,0000011144414430
81,81,0,0,1,0,1,0,0,0,0,2,0000000000000000,0000011144414430
82,82,0,0,1,0,1,0,0,0,0,2,0000000000000000,0000011144414430
83,83,0,0,1,0,1,0,0,0,0,2,0000000000000000,0000011144414430
84,84,0,0,1,0,1,0,0,0,0,2,0000000000000000,0000011144414430
85,85,0,0,1,0,1,0,0,0,0,2,0000000000000000,0000011144414430
86,86,0,0,1,0,1,0,0,0,0,2,0000000000000000,0000011144414430
87,87,0,0,1,0,1,0,0,0,0,2,0000000000000000,0000011144414430
88,88,0,0,1,0,1,0,0,0,0,2,0000000000000000,0000011144414430
89,89,0,0,1,0,1,0,0,0,0,2,0000000000000000,0000011144414430
90,90,0,0,1,0,1,0,0,0,0,2,0000000000000000,0000011144414430
91,91,0,0,1,0,1,0,0,0,0,2,0000000000000000,0000011144414430
92,92,0,0,1,0,1,0,0,0,0,2,0000000000000000,0000011144414430
93,93,0,0,1,0,1,0,0,0,0,2,0000000000000000,0000011144414430
94,94,0,0,1,0,1,0,0,0,0,2,0000000000000000,0000011144414430
95,95,0,0,1,0,1,0,0,0,0,2,0000000000000000,0000011144414430
96,96,0,0,1,0,1,0,0,0,0,2,0000000000000000,0000011144414430
97,97,0,0,1,0,1,0,0,0,0,2,0000000000000000,0000011144414430
98,98,0,0,1,0,1,0,0,0,0,2,0000000000000000,0000011144414430
99,99,0,0,1,0,1,0,0,0,0,2,0000000000000000,0000011144414430
100,100,0,0,1,0,1,0,0,0,0,2,0000000000000000,0000011144414430
101,101,0,0,1,0,1,0,0,0,0,2,0000000000000000,0000011144414430
102,102,0,0,1,0,1,0,0,0,0,2,0000000000000000,0000011144414430
103,103,0,0,1,0,1,0,0,0,0,2,0000000000000000,0000011144414430
104,104,0,0,1,0,1,0,0,0,0,2,0000000000000000,0000011144414430
105,105,0,0,1,0,1,0,0,0,0,2,0000000000000000,0000011144414430
106,106,0,0,1,0,1,0,0,0,0,2,0000000000000000,0000011144414430
107,107,0,0,1,0,1,0,0,0,0,2,0000000000000000,0000011144414430
108,108,0,0,1,0,1,0,0,0,0,2,0000000000000000,0000011144414430
109,109,0,0,1,0,1,0,0,0,0,2,0000000000000000,0000011144414430
110,110,0,0,1,0,1,0,0,0,0,2,0000000000000000,0000011144414430
111,111,0,0,1,0,1,0,0,0,0,2,0000000000000000,0000011144414430
112,112,0,0,1,0,1,0,0,0,0,2,0000000000000000,0000011144414430
113,113,0,0,1,0,1,0,0,0,0,2,0000000000000000,0000011144414430
114,114,0,0,1,0,1,0,0,0,0,2,0000000000000000,0000011144414430
115,115,0,0,1,0,1,0,0,0,0,2,0000000000000000,0000011144414430
116,116,0,0,1,0,1,0,0,0,0,2,0000000000000000,0000011144414430
117,117,0,0,1,0,1,0,0,0,0,2,0000000000000000,0000011144414430
118,118,0,0,1,0,1,0,0,0,0,2,0000000000000000,0000011144414430
119,119,0,0,1,0,1,0,0,0,0,2,0000000000000000,0000011144414430
120,120,0,0,1,0,1,0,0,0,0,2,0000000000000000,0000011144414430
121,121,0,0,1,0,1,0,0,0,0,2,0000000000000000,0000011144414430
122,122,0,0,1,0,1,0,0,0,0,2,0000000000000000,0000011144414430
123,123,0,0,1,0,1,0,0,0,0,2,0000000000000000,0000011144414430
124,124,0,0,1,0,1,0,0,0,0,2,0000000000000000,0000011144414430
125,125,0,0,1,0,1,0,0,0,0,2,0000000000000000,0000011144414430
126,126,0,0,1,0,1,0,0,0,0,2,0000000000000000,0000011144414430
127,127,0,0,1,0,1,0,0,0,0,2,0000000000000000,0000011144414430
128,128,0,0,1,0,1,0,0,0,0,2,0000000000000000,0000011144414430
129,129,0,0,1,0,1,0,0,0,0,2,0000000000000000,0000011144414430
130,130,0,0,1,0,1,0,0,0,0,2,0000000000000000,0000011144414430
131,131,0,0,1,0,1,0,0,0,0,2,0000000000000000,0000011144414430
132,132,0,0,1,0,1,0,0,0,0,2,0000000000000000,0000011144414430
133,133,0,0,1,0,1,0,0,0,0,2,0000000000000000,0000011144414430
134,134,0,0,1,0,1,0,0,0,0,2,0000000000000000,0000011144414430
135,135,0,0,1,0,1,0,0,0,0,2,0000000000000000,0000011144414430
136,136,0,0,1,0,1,0,0,0,0,2,0000000000000000,0000011144414430
137,137,0,0,1,0,1,0,0,0,0,2,0000000000000000,0000011144414430
138,138,0,0,1,0,1,0,0,0,0,2,0000000000000000,0000011144414430
139,139,0,0,1,0,1,0,0,0,0,2,0000000000000000,0000011144414430
140,140,0,0,1,0,1,0,0,0,0,2,0000000000000000,0000011144414430
141,141,0,0,1,0,1,0,0,0,0,2,0000000000000000,0000011144414430
142,142,0,0,1,0,1,0,0,0,0,2,0000000000000000,0000011144414430
143,143,0,0,1,0,1,0,0,0,0,2,0000000000000000,0000011144414430
144,144,0,0,1,0,1,0,0,0,0,2,0000000000000000,0000011144414430
145,145,0,0,1,0,1,0,0,0,0,2,0000000000000000,0000011144414430
146,146,0,0,1,0,1,0,0,0,0,2,0000000000000000,0000011144414430
147,147,0,0,1,0,1,0,0,0,0,2,0000000000000000,0000011144414430
148,148,0,0,1,0,1,0,0,0,0,2,0000000000000000,0000011144414430
149,149,0,0,1,0,1,0,0,0,0,2,0000000000000000,0000011144414430
150,150,0,0,1,0,1,0,0,0,0,2,0000000000000000,0000011144414430
151,151,0,0,1,0,1,0,0,0,0,2,0000000000000000,0000011144414430
152,152,0,0,1,0,1,0,0,0,0,2,0000000000000000,0000011144414430
153,153,0,0,1,0,1,0,0,0,0,2,0000000000000000,0000011144414430
154,154,0,0,1,0,1,0,0,0,0,2,0000000000000000,0000011144414430
155,155,0,0,1,0,1,0,0,0,0,2,0000000000000000,0000011144414430
156,156,0,0,1,0,1,0,0,0,0,2,0000000000000000,0000011144414430
157,157,0,0,1,0,1,0,0,0,0,2,0000000000000000,0000011144414430
158,158,0,0,1,0,1,0,0,0,0,2,0000000000000000,0000011144414430
159,159,0,0,1,0,1,0,0,0,0,2,0000000000000000,0000011144414430
160,160,0,0,1,0,1,0,0,0,0,2,0000000000000000,0000011144414430
161,161,0,0,1,0,1,0,0,0,0,2,0000000000000000,0000011144414430
162,162,0,0,1,0,1,0,0,0,0,2,0000000000000000,0000011144414430
163,163,0,0,1,0,1,0,0,0,0,2,0000000000000000,0000011144414430
164,164,0,0,1,0,1,0,0,0,0,2,0000000000000000,0000011144414430
165,165,0,0,1,0,1,0,0,0,0,2,0000000000000000,0000011144414430
166,166,0,0,1,0,1,0,0,0,0,2,0000000000000000,0000011144414430
167,167,0,0,1,0,1,0,0,0,0,2,0000000000000000,0000011144414430
168,168,0,0,1,0,1,0,0,0,0,2,0000000000000000,0000011144414430
169,169,0,0,1,0,1,0,0,0,0,2,0000000000000000,0000011144414430
170,170,0,0,1,0,1,0,0,0,0,2,0000000000000000,0000011144414430
171,171,0,0,1,0,1,0,0,0,0,2,0000000000000000,0000011144414430
172,172,0,0,1,0,1,0,0,0,0,2,0000000000000000,0000011144414430
173,173,0,0,1,0,1,0,0,0,0,2,0000000000000000,0000011144414430
174,174,0,0,1,0,1,0,0,0,0,2,0000000000000000,0000011144414430
175,175,0,0,1,0,1,0,0,0,0,2,0000000000000000,0000011144414430
176,176,0,0,1,0,1,0,0,0,0,2,0000000000000000,0000011144414430
177,177,0,0,1,0,1,0,0,0,0,2,0000000000000000,0000011144414430
178,178,0,0,1,0,1,0,0,0,0,2,0000000000000000,0000011144414430
179,179,0,0,1,0,1,0,0,0,0,2,0000000000000000,0000011144414430
180,180,0,0,1,0,1,0,0,0,0,2,0000000000000000,0000011144414430
181,181,0,0,1,0,1,0,0,0,0,2,0000000000000000,0000011144414430
182,182,0,0,1,0,1,0,0,0,0,2,0000000000000000,0000011144414430
183,183,0,0,1,0,1,0,0,0,0,2,0000000000000000,0000011144414430
184,184,0,0,1,0,1,0,0,0,0,2,0000000000000000,0000011144414430
185,185,0,0,1,0,1,0,0,0,0,2,0000000000000000,0000011144414430
186,186,0,0,1,0,1,0,0,0,0,2,0000000000000000,0000011144414430
187,187,0,0,1,0,1,0,0,0,0,2,0000000000000000,0000011144414430
188,188,0,0,1,0,1,0,0,0,0,2,0000000000000000,0000011144414430
189,189,0,0,1,0,1,0,0,0,0,2,0000000000000000,0000011144414430
190,190,0,0,1,0,1,0,0,0,0,2,0000000000000000,0000011144414430
191,191,0,0,1,0,1,0,0,0,0,2,0000000000000000,0000011144414430
192,192,0,0,1,0,1,0,0,0,0,2,0000000000000000,0000011144414430
193,193,0,0,1,0,1,0,0,0,0,2,0000000000000000,0000011144414430
194,194,0,0,1,0,1,0,0,0,0,2,0000000000000000,0000011144414430
195,195,0,0,1,0,1,0,0,0,0,2,0000000000000000,0000011144414430
196,196,0,0,1,0,1,0,0,0,0,2,0000000000000000,0000011144414430
197,197,0,0,1,0,1,0,0,0,0,2,0000000000000000,0000011144414430
198,198,0,0,1,0,1,0,0,0,0,2,0000000000000000,0000011144414430
199,199,0,0,1,0,1,0,0,0,0,2,0000000000000000,0000011144414430
200,200,0,0,1,0,1,0,0,0,0,2,0000000000000000,0000011144414430
201,201,0,0,1,0,1,0,0,0,0,2,0000000000000000,0000011144414430
202,202,0,0,1,0,1,0,0,0,0,2,0000000000000000,0000011144414430
203,203,0,0,1,0,1,0,0,0,0,2,0000000000000000,0000011144414430
204,204,0,0,1,0,1,0,0,0,0,2,0000000000000000,0000011144414430
205,205,0,0,1,0,1,0,0,0,0,2,0000000000000000,0000011144414430
206,206,0,0,1,0,1,0,0,0,0,2,0000000000000000,0000011144414430
207,207,0,0,1,0,1,0,0,0,0,2,0000000000000000,0000011144414430
208,208,0,0,1,0,1,0,0,0,0,2,0000000000000000,0000011144414430
209,209,0,0,1,0,1,0,0,0,0,2,0000000000000000,0000011144414430
210,210,0,0,1,0,1,0,0,0,0,2,0000000000000000,0000011144414430
211,211,0,0,1,0,1,0,0,0,0,2,0000000000000000,0000011144414430
212,212,0,0,1,0,1,0,0,0,0,2,0000000000000000,0000011144414430
213,213,0,0,1,0,1,0,0,0,0,2,0000000000000000,0000011144414430
214,214,0,0,1,0,1,0,0,0,0,2,0000000000000000,0000011144414430
215,215,0,0,1,0,1,0,0,0,0,2,0000000000000000,0000011144414430
216,216,0,0,1,0,1,0,0,0,0,2,0000000000000000,0000011144414430
217,217,0,0,1,0,1,0,0,0,0,2,0000000000000000,0000011144414430
218,218,0,0,1,0,1,0,0,0,0,2,0000000000000000,0000011144414430
219,219,0,0,1,0,1,0,0,0,0,2,0000000000000000,0000011144414430
220,220,0,0,1,0,1,0,0,0,0,2,0000000000000000,0000011144414430
221,221,0,0,1,0,1,0,0,0,0,2,0000000000000000,0000011144414430
222,222,0,0,1,0,1,0,0,0,0,2,0000000000000000,0000011144414430
223,223,0,0,1,0,1,0,0,0,0,2,0000000000000000,0000011144414430
224,224,0,0,1,0,1,0,0,0,0,2,0000000000000000,0000011144414430
225,225,0,0,1,0,1,0,0,0,0,2,0000000000000000,0000011144414430
226,226,0,0,1,0,1,0,0,0,0,2,0000000000000000,0000011144414430
227,227,0,0,1,0,1,0,0,0,0,2,0000000000000000,0000011144414430
228,228,0,0,1,0,1,0,0,0,0,2,0000000000000000,0000011144414430
229,229,0,0,1,0,1,0,0,0,0,2,0000000000000000,0000011144414430
230,230,0,0,1,0,1,0,0,0,0,2,0000000000000000,0000011144414430
231,231,0,0,1,0,1,0,0,0,0,2,0000000000000000,0000011144414430
232,232,0,0,1,0,1,0,0,0,0,2,0000000000000000,0000011144414430
233,233,0,0,1,0,1,0,0,0,0,2,0000000000000000,0000011144414430
234,234,0,0,1,0,1,0,0,0,0,2,0000000000000000,0000011144414430
235,235,0,0,1,0,1,0,0,0,0,2,0000000000000000,0000011144414430
236,236,0,0,1,0,1,0,0,0,0,2,0000000000000000,0000011144414430
237,237,0,0,1,0,1,0,0,0,0,2,0000000000000000,0000011144414430
238,238,0,0,1,0,1,0,0,0,0,2,0000000000000000,0000011144414430
239,239,0,0,1,0,1,0,0,0,0,2,0000000000000000,0000011144414430
240,240,0,0,1,0,1,0,0,0,0,2,0000000000000000,0000011144414430
241,241,0,0,1,0,1,0,0,0,0,2,0000000000000000,0000011144414430
242,242,0,0,1,0,1,0,0,0,0,2,0000000000000000,0000011144414430
243,243,0,0,1,0,1,0,0,0,0,2,0000000000000000,0000011144414430
244,244,0,0,1,0,1,0,0,0,0,2,0000000000000000,0000011144414430
245,245,0,0,1,0,1,0,0,0,0,2,0000000000000000,0000011144414430
246,246,0,0,1,0,1,0,0,0,0,2,0000000000000000,0000011144414430
247,247,0,0,1,0,1,0,0,0,0,2,0000000000000000,0000011144414430
248,248,0,0,1,0,1,0,0,0,0,2,0000000000000000,0000011144414430
249,249,0,0,1,0,1,0,0,0,0,2,0000000000000000,0000011144414430
250,250,0,0,1,0,1,0,0,0,0,2,0000000000000000,0000011144414430
251,251,0,0,1,0,1,0,0,0,0,2,0000000000000000,0000011144414430
252,252,0,0,1,0,1,0,0,0,0,2,0000000000000000,0000011144414430
253,253,0,0,1,0,1,0,0,0,0,2,0000000000000000,0000011144414430
254,254,0,0,1,0,1,0,0,0,0,2,0000000000000000,0000011144414430
255,255,0,0,1,0,1,0,0,0,0,2,0000000000000000,0000011144414430
256,256,0,0,1,0,1,0,0,0,0,2,0000000000000000,0000011144414430
257,257,0,0,1,0,1,0,0,0,0,2,0000000000000000,0000011144414430
258,258,0,0,1,0,1,0,0,0,0,2,0000000000000000,0000011144414430
259,259,0,0,1,0,1,0,0,0,0,2,0000000000000000,0000011144414430
260,260,0,0,1,0,1,0,0,0,0,2,0000000000000000,0000011144414430
261,261,0,0,1,0,1,0,0,0,0,2,0000000000000000,0000011144414430
262,262,0,0,1,0,1,0,0,0,0,2,0000000000000000,0000011144414430
263,263,0,0,1,0,1,0,0,0,0,2,0000000000000000,0000011144414430
264,264,0,0,1,0,1,0,0,0,0,2,0000000000000000,0000011144414430
265,265,0,0,1,0,1,0,0,0,0,2,0000000000000000,0000011144414430
266,266,0,0,1,0,1,0,0,0,0,2,0000000000000000,0000011144414430
267,267,0,0,1,0,1,0,0,0,0,2,0000000000000000,0000011144414430
268,268,0,0,1,0,1,0,0,0,0,2,0000000000000000,0000011144414430
269,269,0,0,1,0,1,0,0,0,0,2,0000000000000000,0000011144414430
270,270,0,0,1,0,1,0,0,0,0,2,0000000000000000,0000011144414430
271,271,0,0,1,0,1,0,0,0,0,2,0000000000000000,0000011144414430
272,272,0,0,1,0,1,0,0,0,0,2,0000000000000000,0000011144414430
273,273,0,0,1,0,1,0,0,0,0,2,0000000000000000,0000011144414430
274,274,0,0,1,0,1,0,0,0,0,2,0000000000000000,0000011144414430
275,275,0,0,1,0,1,0,0,0,0,2,0000000000000000,0000011144414430
276,276,0,0,1,0,1,0,0,0,0,2,0000000000000000,0000011144414430
277,277,0,0,1,0,1,0,0,0,0,2,0000000000000000,0000011144414430
278,278,0,0,1,0,1,0,0,0,0,2,0000000000000000,0000011144414430
279,279,0,0,1,0,1,0,0,0,0,2,0000000000000000,0000011144414430
280,280,0,0,1,0,1,0,0,0,0,2,0000000000000000,0000011144414430
281,281,0,0,1,0,1,0,0,0,0,2,0000000000000000,0000011144414430
282,282,0,0,1,0,1,0,0,0,0,2,0000000000000000,0000011144414430
283,283,0,0,1,0,1,0,0,0,0,2,0000000000000000,0000011144414430
284,284,0,0,1,0,1,0,0,0,0,2,0000000000000000,0000011144414430
285,285,0,0,1,0,1,0,0,0,0,2,0000000000000000,0000011144414430
286,286,0,0,1,0,1,0,0,0,0,2,0000000000000000,0000011144414430
287,287,0,0,1,0,1,0,0,0,0,2,0000000000000000,0000011144414430
288,288,0,0,1,0,1,0,0,0,0,2,0000000000000000,0000011144414430
289,289,0,0,1,0,1,0,0,0,0,2,0000000000000000,0000011144414430
290,290,0,0,1,0,1,0,0,0,0,2,0000000000000000,0000011144414430
291,291,0,0,1,0,1,0,0,0,0,2,0000000000000000,0000011144414430
292,292,0,0,1,0,1,0,0,0,0,2,0000000000000000,0000011144414430
293,293,0,0,1,0,1,0,0,0,0,2,0000000000000000,0000011144414430
294,294,0,0,1,0,1,0,0,0,0,2,0000000000000000,0000011144414430
295,295,0,0,1,0,1,0,0,0,0,2,0000000000000000,0000011144414430
296,296,0,0,1,0,1,0,0,0,0,2,0000000000000000,0000011144414430
297,297,0,0,1,0,1,0,0,0,0,2,0000000000000000,0000011144414430
298,298,0,0,1,0,1,0,0,0,0,2,0000000000000000,0000011144414430
299,299,0,0,1,0,1,0,0,0,0,2,0000000000000000,0000011144414430
300,300,0,0,1,0,1,0,0,0,0,2,0000000000000000,0000011144414430
301,301,0,0,1,0,1,0,0,0,0,2,0000000000000000,0000011144414430
302,302,0,0,1,0,1,0,0,0,0,2,0000000000000000,0000011144414430
303,303,0,0,1,0,1,0,0,0,0,2,0000000000000000,0000011144414430
304,304,0,0,1,0,1,0,0,0,0,2,0000000000000000,0000011144414430
305,305,0,0,1,0,1,0,0,0,0,2,0000000000000000,0000011144414430
306,306,0,0,1,0,1,0,0,0,0,2,0000000000000000,0000011144414430
307,307,0,0,1,0,1,0,0,0,0,2,0000000000000000,0000011144414430
308,308,0,0,1,0,1,0,0,0,0,2,0000000000000000,0000011144414430
309,309,0,0,1,0,1,0,0,0,0,2,0000000000000000,0000011144414430
310,310,0,0,1,0,1,0,0,0,0,2,0000000000000000,0000011144414430
311,311,0,0,1,0,1,0,0,0,0,2,0000000000000000,0000011144414430
312,312,0,0,1,0,1,0,0,0,0,2,0000000000000000,0000011144414430
313,313,0,0,1,0,1,0,0,0,0,2,0000000000000000,0000011144414430
314,314,0,0,1,0,1,0,0,0,0,2,0000000000000000,0000011144414430
315,315,0,0,1,0,1,0,0,0,0,2,0000000000000000,0000011144414430
316,316,0,0,1,0,1,0,0,0,0,2,0000000000000000,0000011144414430
317,317,0,0,1,0,1,0,0,0,0,2,0000000000000000,0000011144414430
318,318,0,0,1,0,1,0,0,0,0,2,0000000000000000,0000011144414430
319,319,0,0,1,0,1,0,0,0,0,2,0000000000000000,0000011144414430
320,320,0,0,1,0,1,0,0,0,0,2,0000000000000000,0000011144414430
321,321,0,0,1,0,1,0,0,0,0,2,0000000000000000,0000011144414430
322,322,0,0,1,0,1,0,0,0,0,2,0000000000000000,0000011144414430
323,323,0,0,1,0,1,0,0,0,0,2,0000000000000000,0000011144414430
324,324,0,0,1,0,1,0,0,0,0,2,0000000000000000,0000011144414430
325,325,0,0,1,0,1,0,0,0,0,2,0000000000000000,0000011144414430
326,326,0,0,1,0,1,0,0,0,0,2,0000000000000000,0000011144414430
327,327,0,0,1,0,1,0,0,0,0,2,0000000000000000,0000011144414430
328,328,0,0,1,0,1,0,0,0,0,2,0000000000000000,0000011144414430
329,329,0,0,1,0,1,0,0,0,0,2,0000000000000000,0000011144414430
330,330,0,0,1,0,1,0,0,0,0,2,0000000000000000,0000011144414430
331,331,0,0,1,0,1,0,0,0,0,2,0000000000000000,0000011144414430
332,332,0,0,1,0,1,0,0,0,0,2,0000000000000000,0000011144414430
333,333,0,0,1,0,1,0,0,0,0,2,0000000000000000,0000011144414430
334,334,0,0,1,0,1,0,0,0,0,2,0000000000000000,0000011144414430
335,335,0,0,1,0,1,0,0,0,0,2,0000000000000000,0000011144414430
336,336,0,0,1,0,1,0,0,0,0,2,0000000000000000,0000011144414430
337,337,0,0,1,0,1,0,0,0,0,2,0000000000000000,0000011144414430
338,338,0,0,1,0,1,0,0,0,0,2,0000000000000000,0000011144414430
339,339,0,0,1,0,1,0,0,0,0,2,0000000000000000,0000011144414430
340,340,0,0,1,0,1,0,0,0,0,2,0000000000000000,0000011144414430
341,341,0,0,1,0,1,0,0,0,0,2,0000000000000000,0000011144414430
342,342,0,0,1,0,1,0,0,0,0,2,0000000000000000,0000011144414430
343,343,0,0,1,0,1,0,0,0,0,2,0000000000000000,0000011144414430
344,344,0,0,1,0,1,0,0,0,0,2,0000000000000000,0000011144414430
345,345,0,0,1,0,1,0,0,0,0,2,0000000000000000,0000011144414430
346,346,0,0,1,0,1,0,0,0,0,2,0000000000000000,0000011144414430
347,347,0,0,1,0,1,0,0,0,0,2,0000000000000000,0000011144414430
348,348,0,0,1,0,1,0,0,0,0,2,0000000000000000,0000011144414430
349,349,0,0,1,0,1,0,0,0,0,2,0000000000000000,0000011144414430
350,350,0,0,1,0,1,0,0,0,0,2,0000000000000000,0000011144414430
351,351,0,0,1,0,1,0,0,0,0,2,0000000000000000,0000011144414430
352,352,0,0,1,0,1,0,0,0,0,2,0000000000000000,0000011144414430
353,353,0,0,1,0,1,0,0,0,0,2,0000000000000000,0000011144414430
354,354,0,0,1,0,1,0,0,0,0,2,0000000000000000,0000011144414430
355,355,0,0,1,0,1,0,0,0,0,2,0000000000000000,0000011144414430
356,356,0,0,1,0,1,0,0,0,0,2,0000000000000000,0000011144414430
357,357,0,0,1,0,1,0,0,0,0,2,0000000000000000,0000011144414430
358,358,0,0,1,0,1,0,0,0,0,2,0000000000000000,0000011144414430
359,359,0,0,1,0,1,0,0,0,0,2,0000000000000000,0000011144414430
360,360,0,0,1,0,1,0,0,0,0,2,0000000000000000,0000011144414430
361,361,0,0,1,0,1,0,0,0,0,2,0000000000000000,0000011144414430
362,362,0,0,1,0,1,0,0,0,0,2,0000000000000000,0000011144414430
363,363,0,0,1,0,1,0,0,0,0,2,0000000000000000,0000011144414430
364,364,0,0,1,0,1,0,0,0,0,2,0000000000000000,0000011144414430
365,365,0,0,1,0,1,0,0,0,0,2,0000000000000000,0000011144414430
366,366,0,0,1,0,1,0,0,0,0,2,0000000000000000,0000011144414430
367,367,0,0,1,0,1,0,0,0,0,2,0000000000000000,0000011144414430
368,368,0,0,1,0,1,0,0,0,0,2,0000000000000000,0000011144414430
369,369,0,0,1,0,1,0,0,0,0,2,0000000000000000,0000011144414430
370,370,0,0,1,0,1,0,0,0,0,2,0000000000000000,0000011144414430
371,371,0,0,1,0,1,0,0,0,0,2,0000000000000000,0000011144414430
372,372,0,0,1,0,1,0,0,0,0,2,0000000000000000,0000011144414430
373,373,0,0,1,0,1,0,0,0,0,2,0000000000000000,0000011144414430
374,374,0,0,1,0,1,0,0,0,0,2,0000000000000000,0000011144414430
375,375,0,0,1,0,1,0,0,0,0,2,0000000000000000,0000011144414430
376,376,0,0,1,0,1,0,0,0,0,2,0000000000000000,0000011144414430
377,377,0,0,1,0,1,0,0,0,0,2,0000000000000000,0000011144414430
378,378,0,0,1,0,1,0,0,0,0,2,0000000000000000,0000011144414430
379,379,0,0,1,0,1,0,0,0,0,2,0000000000000000,0000011144414430
380,380,0,0,1,0,1,0,0,0,0,2,0000000000000000,0000011144414430
381,381,0,0,1,0,1,0,0,0,0,2,0000000000000000,0000011144414430
382,382,0,0,1,0,1,0,0,0,0,2,0000000000000000,0000011144414430
383,383,0,0,1,0,1,0,0,0,0,2,0000000000000000,0000011144414430
384,384,0,0,1,0,1,0,0,0,0,2,0000000000000000,0000011144414430
385,385,0,0,1,0,1,0,0,0,0,2,0000000000000000,0000011144414430
386,386,0,0,1,0,1,0,0,0,0,2,0000000000000000,0000011144414430
387,387,0,0,1,0,1,0,0,0,0,2,0000000000000000,0000011144414430
388,388,0,0,1,0,1,0,0,0,0,2,0000000000000000,0000011144414430
389,389,0,0,1,0,1,0,0,0,0,2,0000000000000000,0000011144414430
390,390,0,0,1,0,1,0,0,0,0,2,0000000000000000,0000011144414430
391,391,0,0,1,0,1,0,0,0,0,2,0000000000000000,0000011144414430
392,392,0,0,1,0,1,0,0,0,0,2,0000000000000000,0000011144414430
393,393,0,0,1,0,1,0,0,0,0,2,0000000000000000,0000011144414430
394,394,0,0,1,0,1,0,0,0,0,2,0000000000000000,0000011144414430
395,395,0,0,1,0,1,0,0,0,0,2,0000000000000000,0000011144414430
396,396,0,0,1,0,1,0,0,0,0,2,0000000000000000,0000011144414430
397,397,0,0,1,0,1,0,0,0,0,2,0000000000000000,0000011144414430
398,398,0,0,1,0,1,0,0,0,0,2,0000000000000000,0000011144414430
399,399,0,0,1,0,1,0,0,0,0,2,0000000000000000,0000011144414430
400,400,0,0,1,0,1,0,0,0,0,2,0000000000000000,0000011144414430
401,401,0,0,1,0,1,0,0,0,0,2,0000000000000000,0000011144414430
402,402,0,0,1,0,1,0,0,0,0,2,0000000000000000,0000011144414430
403,403,0,0,1,0,1,0,0,0,0,2,0000000000000000,0000011144414430
404,404,0,0,1,0,1,0,0,0,0,2,0000000000000000,0000011144414430
405,405,0,0,1,0,1,0,0,0,0,2,0000000000000000,0000011144414430
406,406,0,0,1,0,1,0,0,0,0,2,0000000000000000,0000011144414430
407,407,0,0,1,0,1,0,0,0,0,2,0000000000000000,0000011144414430
408,408,0,0,1,0,1,0,0,0,0,2,0000000000000000,0000011144414430
409,409,0,0,1,0,1,0,0,0,0,2,0000000000000000,0000011144414430
410,410,0,0,1,0,1,0,0,0,0,2,0000000000000000,0000011144414430
411,411,0,0,1,0,1,0,0,0,0,2,0000000000000000,0000011144414430
412,412,0,0,1,0,1,0,0,0,0,2,0000000000000000,0000011144414430
413,413,0,0,1,0,1,0,0,0,0,2,0000000000000000,0000011144414430
414,414,0,0,1,0,1,0,0,0,0,2,0000000000000000,0000011144414430
415,415,0,0,1,0,1,0,0,0,0,2,0000000000000000,0000011144414430
416,416,0,0,1,0,1,0,0,0,0,2,0000000000000000,0000011144414430
417,417,0,0,1,0,1,0,0,0,0,2,0000000000000000,0000011144414430
418,418,0,0,1,0,1,0,0,0,0,2,0000000000000000,0000011144414430
419,419,0,0,1,0,1,0,0,0,0,2,0000000000000000,0000011144414430
420,420,0,0,1,0,1,0,0,0,0,2,0000000000000000,0000011144414430
421,421,0,0,1,0,1,0,0,0,0,2,0000000000000000,0000011144414430
422,422,0,0,1,0,1,0,0,0,0,2,0000000000000000,0000011144414430
423,423,0,0,1,0,1,0,0,0,0,2,0000000000000000,0000011144414430
424,424,0,0,1,0,1,0,0,0,0,2,0000000000000000,0000011144414430
425,425,0,0,1,0,1,0,0,0,0,2,0000000000000000,0000011144414430
426,426,0,0,1,0,1,0,0,0,0,2,0000000000000000,0000011144414430
427,427,0,0,1,0,1,0,0,0,0,2,0000000000000000,0000011144414430
428,428,0,0,1,0,1,0,0,0,0,2,0000000000000000,0000011144414430
429,429,0,0,1,0,1,0,0,0,0,2,0000000000000000,0000011144414430
430,430,0,0,1,0,1,0,0,0,0,2,0000000000000000,0000011144414430
431,431,0,0,1,0,1,0,0,0,0,2,0000000000000000,0000011144414430
432,432,0,0,1,0,1,0,0,0,0,2,0000000000000000,0000011144414430
433,433,0,0,1,0,1,0,0,0,0,2,0000000000000000,0000011144414430
434,434,0,0,1,0,1,0,0,0,0,2,0000000000000000,0000011144414430
435,435,0,0,1,0,1,0,0,0,0,2,0000000000000000,0000011144414430
436,436,0,0,1,0,1,0,0,0,0,2,0000000000000000,0000011144414430
437,437,0,0,1,0,1,0,0,0,0,2,0000000000000000,0000011144414430
438,438,0,0,1,0,1,0,0,0,0,2,0000000000000000,0000011144414430
439,439,0,0,1,0,1,0,0,0,0,2,0000000000000000,0000011144414430
440,440,0,0,1,0,1,0,0,0,0,2,0000000000000000,0000011144414430
441,441,0,0,1,0,1,0,0,0,0,2,0000000000000000,0000011144414430
442,442,0,0,1,0,1,0,0,0,0,2,0000000000000000,0000011144414430
443,443,0,0,1,0,1,0,0,0,0,2,0000000000000000,0000011144414430
444,444,0,0,1,0,1,0,0,0,0,2,0000000000000000,0000011144414430
445,445,0,0,1,0,1,0,0,0,0,2,0000000000000000,0000011144414430
446,446,0,0,1,0,1,0,0,0,0,2,0000000000000000,0000011144414430
447,447,0,0,1,0,1,0,0,0,0,2,0000000000000000,0000011144414430
448,448,0,0,1,0,1,0,0,0,0,2,0000000000000000,0000011144414430
449,449,0,0,1,0,1,0,0,0,0,2,0000000000000000,0000011144414430
450,450,0,0,1,0,1,0,0,0,0,2,0000000000000000,0000011144414430
451,451,0,0,1,0,1,0,0,0,0,2,0000000000000000,0000011144414430
452,452,0,0,1,0,1,0,0,0,0,2,0000000000000000,0000011144414430
453,453,0,0,1,0,1,0,0,0,0,2,0000000000000000,0000011144414430
454,454,0,0,1,0,1,0,0,0,0,2,0000000000000000,0000011144414430
455,455,0,0,1,0,1,0,0,0,0,2,0000000000000000,0000011144414430
456,456,0,0,1,0,1,0,0,0,0,2,0000000000000000,0000011144414430
457,457,0,0,1,0,1,0,0,0,0,2,0000000000000000,0000011144414430
458,458,0,0,1,0,1,0,0,0,0,2,0000000000000000,0000011144414430
459,459,0,0,1,0,1,0,0,0,0,2,0000000000000000,0000011144414430
460,460,0,0,1,0,1,0,0,0,0,2,0000000000000000,0000011144414430
461,461,0,0,1,0,1,0,0,0,0,2,0000000000000000,0000011144414430
462,462,0,0,1,0,1,0,0,0,0,2,0000000000000000,0000011144414430
463,463,0,0,1,0,1,0,0,0,0,2,0000000000000000,0000011144414430
464,464,0,0,1,0,1,0,0,0,0,2,0000000000000000,0000011144414430
465,465,0,0,1,0,1,0,0,0,0,2,0000000000000000,0000011144414430
466,466,0,0,1,0,1,0,0,0,0,2,0000000000000000,0000011144414430
467,467,0,0,1,0,1,0,0,0,0,2,0000000000000000,0000011144414430
468,468,0,0,1,0,1,0,0,0,0,2,0000000000000000,0000011144414430
469,469,0,0,1,0,1,0,0,0,0,2,0000000000000000,0000011144414430
470,470,0,0,1,0,1,0,0,0,0,2,0000000000000000,0000011144414430
471,471,0,0,1,0,1,0,0,0,0,2,0000000000000000,0000011144414430
472,472,0,0,1,0,1,0,0,0,0,2,0000000000000000,0000011144414430
473,473,0,0,1,0,1,0,0,0,0,2,0000000000000000,0000011144414430
474,474,0,0,1,0,1,0,0,0,0,2,0000000000000000,0000011144414430
475,475,0,0,1,0,1,0,0,0,0,2,0000000000000000,0000011144414430
476,476,0,0,1,0,1,0,0,0,0,2,0000000000000000,0000011144414430
477,477,0,0,1,0,1,0,0,0,0,2,0000000000000000,0000011144414430
478,478,0,0,1,0,1,0,0,0,0,2,0000000000000000,0000011144414430
479,479,0,0,1,0,1,0,0,0,0,2,0000000000000000,0000011144414430
480,480,0,0,1,0,1,0,0,0,0,2,0000000000000000,0000011144414430
481,481,0,0,1,0,1,0,0,0,0,2,0000000000000000,0000011144414430
482,482,0,0,1,0,1,0,0,0,0,2,0000000000000000,0000011144414430
483,483,0,0,1,0,1,0,0,0,0,2,0000000000000000,0000011144414430
484,484,0,0,1,0,1,0,0,0,0,2,0000000000000000,0000011144414430
485,485,0,0,1,0,1,0,0,0,0,2,0000000000000000,0000011144414430
486,486,0,0,1,0,1,0,0,0,0,2,0000000000000000,0000011144414430
487,487,0,0,1,0,1,0,0,0,0,2,0000000000000000,0000011144414430
488,488,0,0,1,0,1,0,0,0,0,2,0000000000000000,0000011144414430
489,489,0,0,1,0,1,0,0,0,0,2,0000000000000000,0000011144414430
490,490,0,0,1,0,1,0,0,0,0,2,0000000000000000,0000011144414430
491,491,0,0,1,0,1,0,0,0,0,2,0000000000000000,0000011144414430
492,492,0,0,1,0,1,0,0,0,0,2,0000000000000000,0000011144414430
493,493,0,0,1,0,1,0,0,0,0,2,0000000000000000,0000011144414430
494,494,0,0,1,0,1,0,0,0,0,2,0000000000000000,0000011144414430
495,495,0,0,1,0,1,0,0,0,0,2,0000000000000000,0000011144414430
496,496,0,0,1,0,1,0,0,0,0,2,0000000000000000,0000011144414430
497,497,0,0,1,0,1,0,0,0,0,2,0000000000000000,0000011144414430
498,498,0,0,1,0,1,0,0,0,0,2,0000000000000000,0000011144414430
499,499,0,0,1,0,1,0,0,0,0,2,0000000000000000,0000011144414430
500,500,0,0,1,0,1,0,0,0,0,2,0000000000000000,0000011144414430
501,501,0,0,1,0,1,0,0,0,0,2,0000000000000000,0000011144414430
502,502,0,0,1,0,1,0,0,0,0,2,0000000000000000,0000011144414430
503,503,0,0,1,0,1,0,0,0,0,2,0000000000000000,0000011144414430
504,504,0,0,1,0,1,0,0,0,0,2,0000000000000000,0000011144414430
505,505,0,0,1,0,1,0,0,0,0,2,0000000000000000,0000011144414430
506,506,0,0,1,0,1,0,0,0,0,2,0000000000000000,0000011144414430
507,507,0,0,1,0,1,0,0,0,0,2,0000000000000000,0000011144414430
508,508,0,0,1,0,1,0,0,0,0,2,0000000000000000,0000011144414430
509,509,0,0,1,0,1,0,0,0,0,2,0000000000000000,0000011144414430
510,510,0,0,1,0,1,0,0,0,0,2,0000000000000000,0000011144414430
511,511,0,1,1,0,1,0,0,0,1,2,0000000000000000,0000011144414430
512,512,1,1,1,0,1,0,0,0,0,2,0000000000000000,0000011144414430
513,513,0,1,1,0,1,0,0,0,0,2,0000000000000000,0000011144414430
514,514,0,1,1,0,1,0,0,0,0,2,0000000000000000,0000011144414430
515,515,0,1,1,0,1,0,0,0,0,2,0000000000000000,0000011144414430
516,516,0,1,1,0,1,0,0,0,0,2,0000000000000000,0000011144414430
517,517,0,1,1,0,1,0,0,0,0,2,0000000000000000,0000011144414430
518,518,0,1,1,0,1,0,0,0,0,2,0000000000000000,0000011144414430
519,519,0,1,1,0,1,0,0,0,0,2,0000000000000000,0000011144414430
520,520,0,1,1,0,1,0,0,0,0,2,0000000000000000,0000011144414430
521,521,0,1,1,0,1,0,0,0,0,2,0000000000000000,0000011144414430
522,522,0,1,1,0,1,0,0,0,0,2,0000000000000000,0000011144414430
523,523,0,1,1,0,1,0,0,0,0,2,0000000000000000,0000011144414430
524,524,0,1,1,0,1,0,0,0,0,2,0000000000000000,0000011144414430
525,525,0,1,1,0,1,0,0,0,0,2,0000000000000000,0000011144414430
526,526,0,1,1,0,1,0,0,0,0,2,0000000000000000,0000011144414430
527,527,0,0,1,0,1,0,0,0,0,2,0000000000000000,0000011144414430
528,528,0,0,1,0,1,0,0,0,0,2,0000000000000000,0000011144414430
529,529,0,0,1,0,1,0,0,0,0,2,0000000000000000,0000011144414430
530,530,0,0,1,0,1,0,0,0,0,2,0000000000000000,0000011144414430
531,531,0,0,1,0,1,0,0,0,0,2,0000000000000000,0000011144414430
532,532,0,0,1,0,1,0,0,0,0,2,0000000000000000,0000011144414430
533,533,0,0,1,0,1,0,0,0,0,2,0000000000000000,0000011144414430
534,534,0,0,1,0,1,0,0,0,0,2,0000000000000000,0000011144414430
535,535,0,0,1,0,1,0,0,0,0,2,0000000000000000,0000011144414430
536,536,0,0,1,0,1,0,0,0,0,2,0000000000000000,0000011144414430
537,537,0,0,1,0,1,0,0,0,0,2,0000000000000000,0000011144414430
538,538,0,0,1,0,1,0,0,0,0,2,0000000000000000,0000011144414430
539,539,0,0,1,0,1,0,0,0,0,2,0000000000000000,0000011144414430
540,540,0,0,1,0,1,0,0,0,0,2,0000000000000000,0000011144414430
541,541,0,0,1,0,1,0,0,0,0,2,0000000000000000,0000011144414430
542,542,0,0,1,0,1,0,0,0,0,2,0000000000000000,0000011144414430
543,543,0,0,1,0,1,0,0,0,0,2,0000000000000000,0000011144414430
544,544,0,0,1,0,1,0,0,0,0,2,0000000000000000,0000011144414430
545,545,0,0,1,0,1,0,0,0,0,2,0000000000000000,0000011144414430
546,546,0,0,1,0,1,0,0,0,0,2,0000000000000000,0000011144414430
547,547,0,0,1,0,1,0,0,0,0,2,0000000000000000,0000011144414430
548,548,0,0,1,0,1,0,0,0,0,2,0000000000000000,0000011144414430
549,549,0,0,1,0,1,0,0,0,0,2,0000000000000000,0000011144414430
550,550,0,0,1,0,1,0,0,0,0,2,0000000000000000,0000011144414430
551,551,0,0,1,0,1,0,0,0,0,2,0000000000000000,0000011144414430
552,552,0,0,1,0,1,0,0,0,0,2,0000000000000000,0000011144414430
553,553,0,0,1,0,1,0,0,0,0,2,0000000000000000,0000011144414430
554,554,0,0,1,0,1,0,0,0,0,2,0000000000000000,0000011144414430
555,555,0,0,1,0,1,0,0,0,0,2,0000000000000000,0000011144414430
556,556,0,0,1,0,1,0,0,0,0,2,0000000000000000,0000011144414430
557,557,0,0,1,0,1,0,0,0,0,2,0000000000000000,0000011144414430
558,558,0,0,1,0,1,0,0,0,0,2,0000000000000000,0000011144414430
559,559,0,0,1,0,1,0,0,0,0,2,0000000000000000,0000011144414430
560,560,0,0,1,0,1,0,0,0,0,2,0000000000000000,0000011144414430
561,561,0,0,1,0,1,0,0,0,0,2,0000000000000000,0000011144414430
562,562,0,0,1,0,1,0,0,0,0,2,0000000000000000,0000011144414430
563,563,0,0,1,0,1,0,0,0,0,2,0000000000000000,0000011144414430
564,564,0,0,1,0,1,0,0,0,0,2,0000000000000000,0000011144414430
565,565,0,0,1,0,1,0,0,0,0,2,0000000000000000,0000011144414430
566,566,0,0,1,0,1,0,0,0,0,2,0000000000000000,0000011144414430
567,567,0,0,1,0,1,0,0,0,0,2,0000000000000000,0000011144414430
568,568,0,0,1,0,1,0,0,0,0,2,0000000000000000,0000011144414430
569,569,0,0,1,0,1,0,0,0,0,2,0000000000000000,0000011144414430
570,570,0,0,1,0,1,0,0,0,0,2,0000000000000000,0000011144414430
571,571,0,0,1,0,1,0,0,0,0,2,0000000000000000,0000011144414430
572,572,0,0,1,0,1,0,0,0,0,2,0000000000000000,0000011144414430
573,573,0,0,1,0,1,0,0,0,0,2,0000000000000000,0000011144414430
574,574,0,0,1,0,1,0,0,0,0,2,0000000000000000,0000011144414430
575,575,0,0,1,0,1,0,0,0,0,2,0000000000000000,0000011144414430
576,576,0,0,1,0,1,0,0,0,0,2,0000000000000000,0000011144414430
577,577,0,0,1,0,1,0,0,0,0,2,0000000000000000,0000011144414430
578,578,0,0,1,0,1,0,0,0,0,2,0000000000000000,0000011144414430
579,579,0,0,1,0,1,0,0,0,0,2,0000000000000000,0000011144414430
580,580,0,0,1,0,1,0,0,0,0,2,0000000000000000,0000011144414430
581,581,0,0,1,0,1,0,0,0,0,2,0000000000000000,0000011144414430
582,582,0,0,1,0,1,0,0,0,0,2,0000000000000000,0000011144414430
583,583,0,0,1,0,1,0,0,0,0,2,0000000000000000,0000011144414430
584,584,0,0,1,0,1,0,0,0,0,2,0000000000000000,0000011144414430
585,585,0,0,1,0,1,0,0,0,0,2,0000000000000000,0000011144414430
586,586,0,0,1,0,1,0,0,0,0,2,0000000000000000,0000011144414430
587,587,0,0,1,0,1,0,0,0,0,2,0000000000000000,0000011144414430
588,588,0,0,1,0,1,0,0,0,0,2,0000000000000000,0000011144414430
589,589,0,0,1,0,1,0,0,0,0,2,0000000000000000,0000011144414430
590,590,0,0,1,0,1,0,0,0,0,2,0000000000000000,0000011144414430
591,591,0,0,1,0,1,0,0,0,0,2,0000000000000000,0000011144414430
592,592,0,0,1,0,1,0,0,0,0,2,0000000000000000,0000011144414430
593,593,0,0,1,0,1,0,0,0,0,2,0000000000000000,0000011144414430
594,594,0,0,1,0,1,0,0,0,0,2,0000000000000000,0000011144414430
595,595,0,0,1,0,1,0,0,0,0,2,0000000000000000,0000011144414430
596,596,0,0,1,0,1,0,0,0,0,2,0000000000000000,0000011144414430
597,597,0,0,1,0,1,0,0,0,0,2,0000000000000000,0000011144414430
598,598,0,0,1,0,1,0,0,0,0,2,0000000000000000,0000011144414430
599,599,0,0,1,0,1,0,0,0,0,2,0000000000000000,0000011144414430
600,600,0,0,1,0,1,0,0,0,0,2,0000000000000000,0000011144414430
601,601,0,0,1,0,1,0,0,0,0,2,0000000000000000,0000011144414430
602,602,0,0,1,0,1,0,0,0,0,2,0000000000000000,0000011144414430
603,603,0,0,1,0,1,0,0,0,0,2,0000000000000000,0000011144414430
604,604,0,0,1,0,1,0,0,0,0,2,0000000000000000,0000011144414430
605,605,0,0,1,0,1,0,0,0,0,2,0000000000000000,0000011144414430
606,606,0,0,1,0,1,0,0,0,0,2,0000000000000000,0000011144414430
607,607,0,0,1,0,1,0,0,0,0,2,0000000000000000,0000011144414430
608,608,0,0,1,0,1,0,0,0,0,2,0000000000000000,0000011144414430
609,609,0,0,1,0,1,0,0,0,0,2,0000000000000000,0000011144414430
610,610,0,0,1,0,1,0,0,0,0,2,0000000000000000,0000011144414430
611,611,0,0,1,0,1,0,0,0,0,2,0000000000000000,0000011144414430
612,612,0,0,1,0,1,0,0,0,0,2,0000000000000000,0000011144414430
613,613,0,0,1,0,1,0,0,0,0,2,0000000000000000,0000011144414430
614,614,0,0,1,0,1,0,0,0,0,2,0000000000000000,0000011144414430
615,615,0,0,1,0,1,0,0,0,0,2,0000000000000000,0000011144414430
616,616,0,0,1,0,1,0,0,0,0,2,0000000000000000,0000011144414430
617,617,0,0,1,0,1,0,0,0,0,2,0000000000000000,0000011144414430
618,618,0,0,1,0,1,0,0,0,0,2,0000000000000000,0000011144414430
619,619,0,0,1,0,1,0,0,0,0,2,0000000000000000,0000011144414430
620,620,0,0,1,0,1,0,0,0,0,2,0000000000000000,0000011144414430
621,621,0,0,1,0,1,0,0,0,0,2,0000000000000000,0000011144414430
622,622,0,0,1,0,1,0,0,0,0,2,0000000000000000,0000011144414430
623,623,0,0,1,0,1,0,0,0,0,2,0000000000000000,0000011144414430
624,624,0,0,1,0,1,0,0,0,0,2,0000000000000000,0000011144414430
625,625,0,0,1,0,1,0,0,0,0,2,0000000000000000,0000011144414430
626,626,0,0,1,0,1,0,0,0,0,2,0000000000000000,0000011144414430
627,627,0,0,1,0,1,0,0,0,0,2,0000000000000000,0000011144414430
628,628,0,0,1,0,1,0,0,0,0,2,0000000000000000,0000011144414430
629,629,0,0,1,0,1,0,0,0,0,2,0000000000000000,0000011144414430
630,630,0,0,1,0,1,0,0,0,0,2,0000000000000000,0000011144414430
631,631,0,0,1,0,1,0,0,0,0,2,0000000000000000,0000011144414430
632,632,0,0,1,0,1,0,0,0,0,2,0000000000000000,0000011144414430
633,633,0,0,1,0,1,0,0,0,0,2,0000000000000000,0000011144414430
634,634,0,0,1,0,1,0,0,0,0,2,0000000000000000,0000011144414430
635,635,0,0,1,0,1,0,0,0,0,2,0000000000000000,0000011144414430
636,636,0,0,1,0,1,0,0,0,0,2,0000000000000000,0000011144414430
637,637,0,0,1,0,1,0,0,0,0,2,0000000000000000,0000011144414430
638,638,0,0,1,0,1,0,0,0,0,2,0000000000000000,0000011144414430
639,639,0,0,1,0,1,0,0,0,0,2,0000000000000000,0000011144414430
640,640,0,0,1,0,1,0,0,0,0,2,0000000000000000,0000011144414430
641,641,0,0,1,0,1,0,0,0,0,2,0000000000000000,0000011144414430
642,642,0,0,1,0,1,0,0,0,0,2,0000000000000000,0000011144414430
643,643,0,0,1,0,1,0,0,0,0,2,0000000000000000,0000011144414430
644,644,0,0,1,0,1,0,0,0,0,2,0000000000000000,0000011144414430
645,645,0,0,1,0,1,0,0,0,0,2,0000000000000000,0000011144414430
646,646,0,0,1,0,1,0,0,0,0,2,0000000000000000,0000011144414430
647,647,0,0,1,0,1,0,0,0,0,2,0000000000000000,0000011144414430
648,648,0,0,1,0,1,0,0,0,0,2,0000000000000000,0000011144414430
649,649,0,0,1,0,1,0,0,0,0,2,0000000000000000,0000011144414430
650,650,0,0,1,0,1,0,0,0,0,2,0000000000000000,0000011144414430
651,651,0,0,1,0,1,0,0,0,0,2,0000000000000000,0000011144414430
652,652,0,0,1,0,1,0,0,0,0,2,0000000000000000,0000011144414430
653,653,0,0,1,0,1,0,0,0,0,2,0000000000000000,0000011144414430
654,654,0,0,1,0,1,0,0,0,0,2,0000000000000000,0000011144414430
655,655,0,0,1,0,1,0,0,0,0,2,0000000000000000,0000011144414430
656,656,0,0,1,0,1,0,0,0,0,2,0000000000000000,0000011144414430
657,657,0,0,1,0,1,0,0,0,0,2,0000000000000000,0000011144414430
658,658,0,0,1,0,1,0,0,0,0,2,0000000000000000,0000011144414430
659,659,0,0,1,0,1,0,0,0,0,2,0000000000000000,0000011144414430
660,660,0,0,1,0,1,0,0,0,0,2,0000000000000000,0000011144414430
661,661,0,0,1,0,1,0,0,0,0,2,0000000000000000,0000011144414430
662,662,0,0,1,0,1,0,0,0,0,2,0000000000000000,0000011144414430
663,663,0,0,1,0,1,0,0,0,0,2,0000000000000000,0000011144414430
664,664,0,0,1,0,1,0,0,0,0,2,0000000000000000,0000011144414430
665,665,0,0,1,0,1,0,0,0,0,2,0000000000000000,0000011144414430
666,666,0,0,1,0,1,0,0,0,0,2,0000000000000000,0000011144414430
667,667,0,0,1,0,1,0,0,0,0,2,0000000000000000,0000011144414430
668,668,0,0,1,0,1,0,0,0,0,2,0000000000000000,0000011144414430
669,669,0,0,1,0,1,0,0,0,0,2,0000000000000000,0000011144414430
670,670,0,0,1,0,1,0,0,0,0,2,0000000000000000,0000011144414430
671,671,0,0,1,0,1,0,0,0,0,2,0000000000000000,0000011144414430
672,672,0,0,1,0,1,0,0,0,0,2,0000000000000000,0000011144414430
673,673,0,0,1,0,1,0,0,0,0,2,0000000000000000,0000011144414430
674,674,0,0,1,0,1,0,0,0,0,2,0000000000000000,0000011144414430
675,675,0,0,1,0,1,0,0,0,0,2,0000000000000000,0000011144414430
676,676,0,0,1,0,1,0,0,0,0,2,0000000000000000,0000011144414430
677,677,0,0,1,0,1,0,0,0,0,2,0000000000000000,0000011144414430
678,678,0,0,1,0,1,0,0,0,0,2,0000000000000000,0000011144414430
679,679,0,0,1,0,1,0,0,0,0,2,0000000000000000,0000011144414430
680,680,0,0,1,0,1,0,0,0,0,2,0000000000000000,0000011144414430
681,681,0,0,1,0,1,0,0,0,0,2,0000000000000000,0000011144414430
682,682,0,0,1,0,1,0,0,0,0,2,0000000000000000,0000011144414430
683,683,0,0,1,0,1,0,0,0,0,2,0000000000000000,0000011144414430
684,684,0,0,1,0,1,0,0,0,0,2,0000000000000000,0000011144414430
685,685,0,0,1,0,1,0,0,0,0,2,0000000000000000,0000011144414430
686,686,0,0,1,0,1,0,0,0,0,2,0000000000000000,0000011144414430
687,687,0,0,1,0,1,0,0,0,0,2,0000000000000000,0000011144414430
688,688,0,0,1,0,1,0,0,0,0,2,0000000000000000,0000011144414430
689,689,0,0,1,0,1,0,0,0,0,2,0000000000000000,0000011144414430
690,690,0,0,1,0,1,0,0,0,0,2,0000000000000000,0000011144414430
691,691,0,0,1,0,1,0,0,0,0,2,0000000000000000,0000011144414430
692,692,0,0,1,0,1,0,0,0,0,2,0000000000000000,0000011144414430
693,693,0,0,1,0,1,0,0,0,0,2,0000000000000000,0000011144414430
694,694,0,0,1,0,1,0,0,0,0,2,0000000000000000,0000011144414430
695,695,0,0,1,0,1,0,0,0,0,2,0000000000000000,0000011144414430
696,696,0,0,1,0,1,0,0,0,0,2,0000000000000000,0000011144414430
697,697,0,0,1,0,1,0,0,0,0,2,0000000000000000,0000011144414430
698,698,0,0,1,0,1,0,0,0,0,2,0000000000000000,0000011144414430
699,699,0,0,1,0,1,0,0,0,0,2,0000000000000000,0000011144414430
700,700,0,0,1,0,1,0,0,0,0,2,0000000000000000,0000011144414430
701,701,0,0,1,0,1,0,0,0,0,2,0000000000000000,0000011144414430
702,702,0,0,1,0,1,0,0,0,0,2,0000000000000000,0000011144414430
703,703,0,0,1,0,1,0,0,0,0,2,0000000000000000,0000011144414430
704,704,0,0,1,0,1,0,0,0,0,2,0000000000000000,0000011144414430
705,705,0,0,1,0,1,0,0,0,0,2,0000000000000000,0000011144414430
706,706,0,0,1,0,1,0,0,0,0,2,0000000000000000,0000011144414430
707,707,0,0,1,0,1,0,0,0,0,2,0000000000000000,0000011144414430
708,708,0,0,1,0,1,0,0,0,0,2,0000000000000000,0000011144414430
709,709,0,0,1,0,1,0,0,0,0,2,0000000000000000,0000011144414430
710,710,0,0,1,0,1,0,0,0,0,2,0000000000000000,0000011144414430
711,711,0,0,1,0,1,0,0,0,0,2,0000000000000000,0000011144414430
712,712,0,0,1,0,1,0,0,0,0,2,0000000000000000,0000011144414430
713,713,0,0,1,0,1,0,0,0,0,2,0000000000000000,0000011144414430
714,714,0,0,1,0,1,0,0,0,0,2,0000000000000000,0000011144414430
715,715,0,0,1,0,1,0,0,0,0,2,0000000000000000,0000011144414430
716,716,0,0,1,0,1,0,0,0,0,2,0000000000000000,0000011144414430
717,717,0,0,1,0,1,0,0,0,0,2,0000000000000000,0000011144414430
718,718,0,0,1,0,1,0,0,0,0,2,0000000000000000,0000011144414430
719,719,0,0,1,0,1,0,0,0,0,2,0000000000000000,0000011144414430
720,720,0,0,1,0,1,0,0,0,0,2,0000000000000000,0000011144414430
721,721,0,0,1,0,1,0,0,0,0,2,0000000000000000,0000011144414430
722,722,0,0,1,0,1,0,0,0,0,2,0000000000000000,0000011144414430
723,723,0,0,1,0,1,0,0,0,0,2,0000000000000000,0000011144414430
724,724,0,0,1,0,1,0,0,0,0,2,0000000000000000,0000011144414430
725,725,0,0,1,0,1,0,0,0,0,2,0000000000000000,0000011144414430
726,726,0,0,1,0,1,0,0,0,0,2,0000000000000000,0000011144414430
727,727,0,0,1,0,1,0,0,0,0,2,0000000000000000,0000011144414430
728,728,0,0,1,0,1,0,0,0,0,2,0000000000000000,0000011144414430
729,729,0,0,1,0,1,0,0,0,0,2,0000000000000000,0000011144414430
730,730,0,0,1,0,1,0,0,0,0,2,0000000000000000,0000011144414430
731,731,0,0,1,0,1,0,0,0,0,2,0000000000000000,0000011144414430
732,732,0,0,1,0,1,0,0,0,0,2,0000000000000000,0000011144414430
733,733,0,0,1,0,1,0,0,0,0,2,0000000000000000,0000011144414430
734,734,0,0,1,0,1,0,0,0,0,2,0000000000000000,0000011144414430
735,735,0,0,1,0,1,0,0,0,0,2,0000000000000000,0000011144414430
736,736,0,0,1,0,1,0,0,0,0,2,0000000000000000,0000011144414430
737,737,0,0,1,0,1,0,0,0,0,2,0000000000000000,0000011144414430
738,738,0,0,1,0,1,0,0,0,0,2,0000000000000000,0000011144414430
739,739,0,0,1,0,1,0,0,0,0,2,0000000000000000,0000011144414430
740,740,0,0,1,0,1,0,0,0,0,2,0000000000000000,0000011144414430
741,741,0,0,1,0,1,0,0,0,0,2,0000000000000000,0000011144414430
742,742,0,0,1,0,1,0,0,0,0,2,0000000000000000,0000011144414430
743,743,0,0,1,0,1,0,0,0,0,2,0000000000000000,0000011144414430
744,744,0,0,1,0,1,0,0,0,0,2,0000000000000000,0000011144414430
745,745,0,0,1,0,1,0,0,0,0,2,0000000000000000,0000011144414430
746,746,0,0,1,0,1,0,0,0,0,2,0000000000000000,0000011144414430
747,747,0,0,1,0,1,0,0,0,0,2,0000000000000000,0000011144414430
748,748,0,0,1,0,1,0,0,0,0,2,0000000000000000,0000011144414430
749,749,0,0,1,0,1,0,0,0,0,2,0000000000000000,0000011144414430
750,750,0,0,1,0,1,0,0,0,0,2,0000000000000000,0000011144414430
751,751,0,0,1,0,1,0,0,0,0,2,0000000000000000,0000011144414430
752,752,0,0,1,0,1,0,0,0,0,2,0000000000000000,0000011144414430
753,753,0,0,1,0,1,0,0,0,0,2,0000000000000000,0000011144414430
754,754,0,0,1,0,1,0,0,0,0,2,0000000000000000,0000011144414430
755,755,0,0,1,0,1,0,0,0,0,2,0000000000000000,0000011144414430
756,756,0,0,1,0,1,0,0,0,0,2,0000000000000000,0000011144414430
757,757,0,0,1,0,1,0,0,0,0,2,0000000000000000,0000011144414430
758,758,0,0,1,0,1,0,0,0,0,2,0000000000000000,0000011144414430
759,759,0,0,1,0,1,0,0,0,0,2,0000000000000000,0000011144414430
760,760,0,0,1,0,1,0,0,0,0,2,0000000000000000,0000011144414430
761,761,0,0,1,0,1,0,0,0,0,2,0000000000000000,0000011144414430
762,762,0,0,1,0,1,0,0,0,0,2,0000000000000000,0000011144414430
763,763,0,0,1,0,1,0,0,0,0,2,0000000000000000,0000011144414430
764,764,0,0,1,0,1,0,0,0,0,2,0000000000000000,0000011144414430
765,765,0,0,1,0,1,0,0,0,0,2,0000000000000000,0000011144414430
766,766,0,0,1,0,1,0,0,0,0,2,0000000000000000,0000011144414430
767,767,0,0,1,0,1,0,0,0,0,2,0000000000000000,0000011144414430
768,768,0,0,1,0,1,0,0,0,0,2,0000000000000000,0000011144414430
769,769,0,0,1,0,1,0,0,0,0,2,0000000000000000,0000011144414430
770,770,0,0,1,0,1,0,0,0,0,2,0000000000000000,0000011144414430
771,771,0,0,1,0,1,0,0,0,0,2,0000000000000000,0000011144414430
772,772,0,0,1,0,1,0,0,0,0,2,0000000000000000,0000011144414430
773,773,0,0,1,0,1,0,0,0,0,2,0000000000000000,0000011144414430
774,774,0,0,1,0,1,0,0,0,0,2,0000000000000000,0000011144414430
775,775,0,0,1,0,1,0,0,0,0,2,0000000000000000,0000011144414430
776,776,0,0,1,0,1,0,0,0,0,2,0000000000000000,0000011144414430
777,777,0,0,1,0,1,0,0,0,0,2,0000000000000000,0000011144414430
778,778,0,0,1,0,1,0,0,0,0,2,0000000000000000,0000011144414430
779,779,0,0,1,0,1,0,0,0,0,2,0000000000000000,0000011144414430
780,780,0,0,1,0,1,0,0,0,0,2,0000000000000000,0000011144414430
781,781,0,0,1,0,1,0,0,0,0,2,0000000000000000,0000011144414430
782,782,0,0,1,0,1,0,0,0,0,2,0000000000000000,0000011144414430
783,783,0,0,1,0,1,0,0,0,0,2,0000000000000000,0000011144414430
784,784,0,0,1,0,1,0,0,0,0,2,0000000000000000,0000011144414430
785,785,0,0,1,0,1,0,0,0,0,2,0000000000000000,0000011144414430
786,786,0,0,1,0,1,0,0,0,0,2,0000000000000000,0000011144414430
787,787,0,0,1,0,1,0,0,0,0,2,0000000000000000,0000011144414430
788,788,0,0,1,0,1,0,0,0,0,2,0000000000000000,0000011144414430
789,789,0,0,1,0,1,0,0,0,0,2,0000000000000000,0000011144414430
790,790,0,0,1,0,1,0,0,0,0,2,0000000000000000,0000011144414430
791,791,0,0,1,0,1,0,0,0,0,2,0000000000000000,0000011144414430
792,792,0,0,1,0,1,0,0,0,0,2,0000000000000000,0000011144414430
793,793,0,0,1,0,1,0,0,0,0,2,0000000000000000,0000011144414430
794,794,0,0,1,0,1,0,0,0,0,2,0000000000000000,0000011144414430
795,795,0,0,1,0,1,0,0,0,0,2,0000000000000000,0000011144414430
796,796,0,0,1,0,1,0,0,0,0,2,0000000000000000,0000011144414430
797,797,0,0,1,0,1,0,0,0,0,2,0000000000000000,0000011144414430
798,798,0,0,1,0,1,0,0,0,0,2,0000000000000000,0000011144414430
799,799,0,0,1,0,1,0,0,0,0,2,0000000000000000,0000011144414430
800,800,0,0,1,0,1,0,0,0,0,2,0000000000000000,0000011144414430
801,801,0,0,1,0,1,0,0,0,0,2,0000000000000000,0000011144414430
802,802,0,0,1,0,1,0,0,0,0,2,0000000000000000,0000011144414430
803,803,0,0,1,0,1,0,0,0,0,2,0000000000000000,0000011144414430
804,804,0,0,1,0,1,0,0,0,0,2,0000000000000000,0000011144414430
805,805,0,0,1,0,1,0,0,0,0,2,0000000000000000,0000011144414430
806,806,0,0,1,0,1,0,0,0,0,2,0000000000000000,0000011144414430
807,807,0,0,1,0,1,0,0,0,0,2,0000000000000000,0000011144414430
808,808,0,0,1,0,1,0,0,0,0,2,0000000000000000,0000011144414430
809,809,0,0,1,0,1,0,0,0,0,2,0000000000000000,0000011144414430
810,810,0,0,1,0,1,0,0,0,0,2,0000000000000000,0000011144414430
811,811,0,0,1,0,1,0,0,0,0,2,0000000000000000,0000011144414430
812,812,0,0,1,0,1,0,0,0,0,2,0000000000000000,0000011144414430
813,813,0,0,1,0,1,0,0,0,0,2,0000000000000000,0000011144414430
814,814,0,0,1,0,1,0,0,0,0,2,0000000000000000,0000011144414430
815,815,0,0,1,0,1,0,0,0,0,2,0000000000000000,0000011144414430
816,816,0,0,1,0,1,0,0,0,0,2,0000000000000000,0000011144414430
817,817,0,0,1,0,1,0,0,0,0,2,0000000000000000,0000011144414430
818,818,0,0,1,0,1,0,0,0,0,2,0000000000000000,0000011144414430
819,819,0,0,1,0,1,0,0,0,0,2,0000000000000000,0000011144414430
820,820,0,0,1,0,1,0,0,0,0,2,0000000000000000,0000011144414430
821,821,0,0,1,0,1,0,0,0,0,2,0000000000000000,0000011144414430
822,822,0,0,1,0,1,0,0,0,0,2,0000000000000000,0000011144414430
823,823,0,0,1,0,1,0,0,0,0,2,0000000000000000,0000011144414430
824,824,0,0,1,0,1,0,0,0,0,2,0000000000000000,0000011144414430
825,825,0,0,1,0,1,0,0,0,0,2,0000000000000000,0000011144414430
826,826,0,0,1,0,1,0,0,0,0,2,0000000000000000,0000011144414430
827,827,0,0,1,0,1,0,0,0,0,2,0000000000000000,0000011144414430
828,828,0,0,1,0,1,0,0,0,0,2,0000000000000000,0000011144414430
829,829,0,0,1,0,1,0,0,0,0,2,0000000000000000,0000011144414430
830,830,0,0,1,0,1,0,0,0,0,2,0000000000000000,0000011144414430
831,831,0,0,1,0,1,0,0,0,0,2,0000000000000000,0000011144414430
832,832,0,0,1,0,1,0,0,0,0,2,0000000000000000,0000011144414430
833,833,0,0,1,0,1,0,0,0,0,2,0000000000000000,0000011144414430
834,834,0,0,1,0,1,0,0,0,0,2,0000000000000000,0000011144414430
835,835,0,0,1,0,1,0,0,0,0,2,0000000000000000,0000011144414430
836,836,0,0,1,0,1,0,0,0,0,2,0000000000000000,0000011144414430
837,837,0,0,1,0,1,0,0,0,0,2,0000000000000000,0000011144414430
838,838,0,0,1,0,1,0,0,0,0,2,0000000000000000,0000011144414430
839,839,0,0,1,0,1,0,0,0,0,2,0000000000000000,0000011144414430
840,840,0,0,1,0,1,0,0,0,0,2,0000000000000000,0000011144414430
841,841,0,0,1,0,1,0,0,0,0,2,0000000000000000,0000011144414430
842,842,0,0,1,0,1,0,0,0,0,2,0000000000000000,0000011144414430
843,843,0,0,1,0,1,0,0,0,0,2,0000000000000000,0000011144414430
844,844,0,0,1,0,1,0,0,0,0,2,0000000000000000,0000011144414430
845,845,0,0,1,0,1,0,0,0,0,2,0000000000000000,0000011144414430
846,846,0,0,1,0,1,0,0,0,0,2,0000000000000000,0000011144414430
847,847,0,0,1,0,1,0,0,0,0,2,0000000000000000,0000011144414430
848,848,0,0,1,0,1,0,0,0,0,2,0000000000000000,0000011144414430
849,849,0,0,1,0,1,0,0,0,0,2,0000000000000000,0000011144414430
850,850,0,0,1,0,1,0,0,0,0,2,0000000000000000,0000011144414430
851,851,0,0,1,0,1,0,0,0,0,2,0000000000000000,0000011144414430
852,852,0,0,1,0,1,0,0,0,0,2,0000000000000000,0000011144414430
853,853,0,0,1,0,1,0,0,0,0,2,0000000000000000,0000011144414430
854,854,0,0,1,0,1,0,0,0,0,2,0000000000000000,0000011144414430
855,855,0,0,1,0,1,0,0,0,0,2,0000000000000000,0000011144414430
856,856,0,0,1,0,1,0,0,0,0,2,0000000000000000,0000011144414430
857,857,0,0,1,0,1,0,0,0,0,2,0000000000000000,0000011144414430
858,858,0,0,1,0,1,0,0,0,0,2,0000000000000000,0000011144414430
859,859,0,0,1,0,1,0,0,0,0,2,0000000000000000,0000011144414430
860,860,0,0,1,0,1,0,0,0,0,2,0000000000000000,0000011144414430
861,861,0,0,1,0,1,0,0,0,0,2,0000000000000000,0000011144414430
862,862,0,0,1,0,1,0,0,0,0,2,0000000000000000,0000011144414430
863,863,0,0,1,0,1,0,0,0,0,2,0000000000000000,0000011144414430
864,864,0,0,1,0,1,0,0,0,0,2,0000000000000000,0000011144414430
865,865,0,0,1,0,1,0,0,0,0,2,0000000000000000,0000011144414430
866,866,0,0,1,0,1,0,0,0,0,2,0000000000000000,0000011144414430
867,867,0,0,1,0,1,0,0,0,0,2,0000000000000000,0000011144414430
868,868,0,0,1,0,1,0,0,0,0,2,0000000000000000,0000011144414430
869,869,0,0,1,0,1,0,0,0,0,2,0000000000000000,0000011144414430
870,870,0,0,1,0,1,0,0,0,0,2,0000000000000000,0000011144414430
871,871,0,0,1,0,1,0,0,0,0,2,0000000000000000,0000011144414430
872,872,0,0,1,0,1,0,0,0,0,2,0000000000000000,0000011144414430
873,873,0,0,1,0,1,0,0,0,0,2,0000000000000000,0000011144414430
874,874,0,0,1,0,1,0,0,0,0,2,0000000000000000,0000011144414430
875,875,0,0,1,0,1,0,0,0,0,2,0000000000000000,0000011144414430
876,876,0,0,1,0,1,0,0,0,0,2,0000000000000000,0000011144414430
877,877,0,0,1,0,1,0,0,0,0,2,0000000000000000,0000011144414430
878,878,0,0,1,0,1,0,0,0,0,2,0000000000000000,0000011144414430
879,879,0,0,1,0,1,0,0,0,0,2,0000000000000000,0000011144414430
880,880,0,0,1,0,1,0,0,0,0,2,0000000000000000,0000011144414430
881,881,0,0,1,0,1,0,0,0,0,2,0000000000000000,0000011144414430
882,882,0,0,1,0,1,0,0,0,0,2,0000000000000000,0000011144414430
883,883,0,0,1,0,1,0,0,0,0,2,0000000000000000,0000011144414430
884,884,0,0,1,0,1,0,0,0,0,2,0000000000000000,0000011144414430
885,885,0,0,1,0,1,0,0,0,0,2,0000000000000000,0000011144414430
886,886,0,0,1,0,1,0,0,0,0,2,0000000000000000,0000011144414430
887,887,0,0,1,0,1,0,0,0,0,2,0000000000000000,0000011144414430
888,888,0,0,1,0,1,0,0,0,0,2,0000000000000000,0000011144414430
889,889,0,0,1,0,1,0,0,0,0,2,0000000000000000,0000011144414430
890,890,0,0,1,0,1,0,0,0,0,2,0000000000000000,0000011144414430
891,891,0,0,1,0,1,0,0,0,0,2,0000000000000000,0000011144414430
892,892,0,0,1,0,1,0,0,0,0,2,0000000000000000,0000011144414430
893,893,0,0,1,0,1,0,0,0,0,2,0000000000000000,0000011144414430
894,894,0,0,1,0,1,0,0,0,0,2,0000000000000000,0000011144414430
895,895,0,0,1,0,1,0,0,0,0,2,0000000000000000,0000011144414430
896,896,0,0,1,0,1,0,0,0,0,2,0000000000000000,0000011144414430
897,897,0,0,1,0,1,0,0,0,0,2,0000000000000000,0000011144414430
898,898,0,0,1,0,1,0,0,0,0,2,0000000000000000,0000011144414430
899,899,0,0,1,0,1,0,0,0,0,2,0000000000000000,0000011144414430
900,900,0,0,1,0,1,0,0,0,0,2,0000000000000000,0000011144414430
901,901,0,0,1,0,1,0,0,0,0,2,0000000000000000,0000011144414430
902,902,0,0,1,0,1,0,0,0,0,2,0000000000000000,0000011144414430
903,903,0,0,1,0,1,0,0,0,0,2,0000000000000000,0000011144414430
904,904,0,0,1,0,1,0,0,0,0,2,0000000000000000,0000011144414430
905,905,0,0,1,0,1,0,0,0,0,2,0000000000000000,0000011144414430
906,906,0,0,1,0,1,0,0,0,0,2,0000000000000000,0000011144414430
907,907,0,0,1,0,1,0,0,0,0,2,0000000000000000,0000011144414430
908,908,0,0,1,0,1,0,0,0,0,2,0000000000000000,0000011144414430
909,909,0,0,1,0,1,0,0,0,0,2,0000000000000000,0000011144414430
910,910,0,0,1,0,1,0,0,0,0,2,0000000000000000,0000011144414430
911,911,0,0,1,0,1,0,0,0,0,2,0000000000000000,0000011144414430
912,912,0,0,1,0,1,0,0,0,0,2,0000000000000000,0000011144414430
913,913,0,0,1,0,1,0,0,0,0,2,0000000000000000,0000011144414430
914,914,0,0,1,0,1,0,0,0,0,2,0000000000000000,0000011144414430
915,915,0,0,1,0,1,0,0,0,0,2,0000000000000000,0000011144414430
916,916,0,0,1,0,1,0,0,0,0,2,0000000000000000,0000011144414430
917,917,0,0,1,0,1,0,0,0,0,2,0000000000000000,0000011144414430
918,918,0,0,1,0,1,0,0,0,0,2,0000000000000000,0000011144414430
919,919,0,0,1,0,1,0,0,0,0,2,0000000000000000,0000011144414430
920,920,0,0,1,0,1,0,0,0,0,2,0000000000000000,0000011144414430
921,921,0,0,1,0,1,0,0,0,0,2,0000000000000000,0000011144414430
922,922,0,0,1,0,1,0,0,0,0,2,0000000000000000,0000011144414430
923,923,0,0,1,0,1,0,0,0,0,2,0000000000000000,0000011144414430
924,924,0,0,1,0,1,0,0,0,0,2,0000000000000000,0000011144414430
925,925,0,0,1,0,1,0,0,0,0,2,0000000000000000,0000011144414430
926,926,0,0,1,0,1,0,0,0,0,2,0000000000000000,0000011144414430
927,927,0,0,1,0,1,0,0,0,0,2,0000000000000000,0000011144414430
928,928,0,0,1,0,1,0,0,0,0,2,0000000000000000,0000011144414430
929,929,0,0,1,0,1,0,0,0,0,2,0000000000000000,0000011144414430
930,930,0,0,1,0,1,0,0,0,0,2,0000000000000000,0000011144414430
931,931,0,0,1,0,1,0,0,0,0,2,0000000000000000,0000011144414430
932,932,0,0,1,0,1,0,0,0,0,2,0000000000000000,0000011144414430
933,933,0,0,1,0,1,0,0,0,0,2,0000000000000000,0000011144414430
934,934,0,0,1,0,1,0,0,0,0,2,0000000000000000,0000011144414430
935,935,0,0,1,0,1,0,0,0,0,2,0000000000000000,0000011144414430
936,936,0,0,1,0,1,0,0,0,0,2,0000000000000000,0000011144414430
937,937,0,0,1,0,1,0,0,0,0,2,0000000000000000,0000011144414430
938,938,0,0,1,0,1,0,0,0,0,2,0000000000000000,0000011144414430
939,939,0,0,1,0,1,0,0,0,0,2,0000000000000000,0000011144414430
940,940,0,0,1,0,1,0,0,0,0,2,0000000000000000,0000011144414430
941,941,0,0,1,0,1,0,0,0,0,2,0000000000000000,0000011144414430
942,942,0,0,1,0,1,0,0,0,0,2,0000000000000000,0000011144414430
943,943,0,0,1,0,1,0,0,0,0,2,0000000000000000,0000011144414430
944,944,0,0,1,0,1,0,0,0,0,2,0000000000000000,0000011144414430
945,945,0,0,1,0,1,0,0,0,0,2,0000000000000000,0000011144414430
946,946,0,0,1,0,1,0,0,0,0,2,0000000000000000,0000011144414430
947,947,0,0,1,0,1,0,0,0,0,2,0000000000000000,0000011144414430
948,948,0,0,1,0,1,0,0,0,0,2,0000000000000000,0000011144414430
949,949,0,0,1,0,1,0,0,0,0,2,0000000000000000,0000011144414430
950,950,0,0,1,0,1,0,0,0,0,2,0000000000000000,0000011144414430
951,951,0,0,1,0,1,0,0,0,0,2,0000000000000000,0000011144414430
952,952,0,0,1,0,1,0,0,0,0,2,0000000000000000,0000011144414430
953,953,0,0,1,0,1,0,0,0,0,2,0000000000000000,0000011144414430
954,954,0,0,1,0,1,0,0,0,0,2,0000000000000000,0000011144414430
955,955,0,0,1,0,1,0,0,0,0,2,0000000000000000,0000011144414430
956,956,0,0,1,0,1,0,0,0,0,2,0000000000000000,0000011144414430
957,957,0,0,1,0,1,0,0,0,0,2,0000000000000000,0000011144414430
958,958,0,0,1,0,1,0,0,0,0,2,0000000000000000,0000011144414430
959,959,0,0,1,0,1,0,0,0,0,2,0000000000000000,0000011144414430
960,960,0,0,1,0,1,0,0,0,0,2,0000000000000000,0000011144414430
961,961,0,0,1,0,1,0,0,0,0,2,0000000000000000,0000011144414430
962,962,0,0,1,0,1,0,0,0,0,2,0000000000000000,0000011144414430
963,963,0,0,1,0,1,0,0,0,0,2,0000000000000000,0000011144414430
964,964,0,0,1,0,1,0,0,0,0,2,0000000000000000,0000011144414430
965,965,0,0,1,0,1,0,0,0,0,2,0000000000000000,0000011144414430
966,966,0,0,1,0,1,0,0,0,0,2,0000000000000000,0000011144414430
967,967,0,0,1,0,1,0,0,0,0,2,0000000000000000,0000011144414430
968,968,0,0,1,0,1,0,0,0,0,2,0000000000000000,0000011144414430
969,969,0,0,1,0,1,0,0,0,0,2,0000000000000000,0000011144414430
970,970,0,0,1,0,1,0,0,0,0,2,0000000000000000,0000011144414430
971,971,0,0,1,0,1,0,0,0,0,2,0000000000000000,0000011144414430
972,972,0,0,1,0,1,0,0,0,0,2,0000000000000000,0000011144414430
973,973,0,0,1,0,1,0,0,0,0,2,0000000000000000,0000011144414430
974,974,0,0,1,0,1,0,0,0,0,2,0000000000000000,0000011144414430
975,975,0,0,1,0,1,0,0,0,0,2,0000000000000000,0000011144414430
976,976,0,0,1,0,1,0,0,0,0,2,0000000000000000,0000011144414430
977,977,0,0,1,0,1,0,0,0,0,2,0000000000000000,0000011144414430
978,978,0,0,1,0,1,0,0,0,0,2,0000000000000000,0000011144414430
979,979,0,0,1,0,1,0,0,0,0,2,0000000000000000,0000011144414430
980,980,0,0,1,0,1,0,0,0,0,2,0000000000000000,0000011144414430
981,981,0,0,1,0,1,0,0,0,0,2,0000000000000000,0000011144414430
982,982,0,0,1,0,1,0,0,0,0,2,0000000000000000,0000011144414430
983,983,0,0,1,0,1,0,0,0,0,2,0000000000000000,0000011144414430
984,984,0,0,1,0,1,0,0,0,0,2,0000000000000000,0000011144414430
985,985,0,0,1,0,1,0,0,0,0,2,0000000000000000,0000011144414430
986,986,0,0,1,0,1,0,0,0,0,2,0000000000000000,0000011144414430
987,987,0,0,1,0,1,0,0,0,0,2,0000000000000000,0000011144414430
988,988,0,0,1,0,1,0,0,0,0,2,0000000000000000,0000011144414430
989,989,0,0,1,0,1,0,0,0,0,2,0000000000000000,0000011144414430
990,990,0,0,1,0,1,0,0,0,0,2,0000000000000000,0000011144414430
991,991,0,0,1,0,1,0,0,0,0,2,0000000000000000,0000011144414430
992,992,0,0,1,0,1,0,0,0,0,2,0000000000000000,0000011144414430
993,993,0,0,1,0,1,0,0,0,0,2,0000000000000000,0000011144414430
994,994,0,0,1,0,1,0,0,0,0,2,0000000000000000,0000011144414430
995,995,0,0,1,0,1,0,0,0,0,2,0000000000000000,0000011144414430
996,996,0,0,1,0,1,0,0,0,0,2,0000000000000000,0000011144414430
997,997,0,0,1,0,1,0,0,0,0,2,0000000000000000,0000011144414430
998,998,0,0,1,0,1,0,0,0,0,2,0000000000000000,0000011144414430
999,999,0,0,1,0,1,0,0,0,0,2,0000000000000000,0000011144414430
1000,1000,0,0,1,0,1,0,0,0,0,2,0000000000000000,0000011144414430
1001,1001,0,0,1,0,1,0,0,0,0,2,0000000000000000,0000011144414430
1002,1002,0,0,1,0,1,0,0,0,0,2,0000000000000000,0000011144414430
1003,1003,0,0,1,0,1,0,0,0,0,2,0000000000000000,0000011144414430
1004,1004,0,0,1,0,1,0,0,0,0,2,0000000000000000,0000011144414430
1005,1005,0,0,1,0,1,0,0,0,0,2,0000000000000000,0000011144414430
1006,1006,0,0,1,0,1,0,0,0,0,2,0000000000000000,0000011144414430
1007,1007,0,0,1,0,1,0,0,0,0,2,0000000000000000,0000011144414430
1008,1008,0,0,1,0,1,0,0,0,0,2,0000000000000000,0000011144414430
1009,1009,0,0,1,0,1,0,0,0,0,2,0000000000000000,0000011144414430
1010,1010,0,0,1,0,1,0,0,0,0,2,0000000000000000,0000011144414430
1011,1011,0,0,1,0,1,0,0,0,0,2,0000000000000000,0000011144414430
1012,1012,0,0,1,0,1,0,0,0,0,2,0000000000000000,0000011144414430
1013,1013,0,0,1,0,1,0,0,0,0,2,0000000000000000,0000011144414430
1014,1014,0,0,1,0,1,0,0,0,0,2,0000000000000000,0000011144414430
1015,1015,0,0,1,0,1,0,0,0,0,2,0000000000000000,0000011144414430
1016,1016,0,0,1,0,1,0,0,0,0,2,0000000000000000,0000011144414430
1017,1017,0,0,1,0,1,0,0,0,0,2,0000000000000000,0000011144414430
1018,1018,0,0,1,0,1,0,0,0,0,2,0000000000000000,0000011144414430
1019,1019,0,0,1,0,1,0,0,0,0,2,0000000000000000,0000011144414430
1020,1020,0,0,1,0,1,0,0,0,0,2,0000000000000000,0000011144414430
1021,1021,0,0,1,0,1,0,0,0,0,2,0000000000000000,0000011144414430
1022,1022,0,0,1,0,1,0,0,0,0,2,0000000000000000,0000011144414430
1023,1023,0,0,1,0,1,0,0,0,0,2,0000000000000000,0000011144414430
